precision,recall,f1-score,support,breed_name
0.8214285714285714,0.8846153846153846,0.8518518518518519,52.0,Chihuahua
0.9397590361445783,0.9176470588235294,0.9285714285714286,85.0,Japanese Spaniel
0.9862068965517241,0.9407894736842105,0.9629629629629629,152.0,Maltese Dog
0.9565217391304348,0.8979591836734694,0.9263157894736842,49.0,Pekinese
0.8482142857142857,0.8333333333333334,0.8407079646017699,114.0,Tzu
0.9764705882352941,0.9431818181818182,0.9595375722543352,88.0,Blenheim Spaniel
0.9693877551020408,0.9895833333333334,0.979381443298969,96.0,Papillon
0.9230769230769231,0.8333333333333334,0.8759124087591241,72.0,Toy Terrier
0.8571428571428571,0.8333333333333334,0.8450704225352113,72.0,Rhodesian Ridgeback
0.9856115107913669,0.9856115107913669,0.9856115107913669,139.0,Afghan Hound
0.935064935064935,0.96,0.9473684210526315,75.0,Basset
0.9052631578947369,0.9052631578947369,0.9052631578947369,95.0,Beagle
0.9866666666666667,0.8505747126436781,0.9135802469135802,87.0,Bloodhound
0.9444444444444444,0.9577464788732394,0.951048951048951,71.0,Bluetick
0.8983050847457628,0.8983050847457628,0.8983050847457628,59.0,Tan Coonhound
0.6567164179104478,0.8301886792452831,0.7333333333333333,53.0,Walker Hound
0.8636363636363636,0.6666666666666666,0.7524752475247525,57.0,English Foxhound
0.8297872340425532,0.8125,0.8210526315789474,48.0,Redbone
0.9791666666666666,0.9215686274509803,0.9494949494949495,51.0,Borzoi
0.8307692307692308,0.9152542372881356,0.8709677419354839,118.0,Irish Wolfhound
0.927710843373494,0.9390243902439024,0.9333333333333333,82.0,Italian Greyhound
0.9390243902439024,0.8850574712643678,0.9112426035502958,87.0,Whippet
0.9333333333333333,0.9545454545454546,0.9438202247191011,88.0,Ibizan Hound
1.0,0.9166666666666666,0.9565217391304348,96.0,Norwegian Elkhound
0.9411764705882353,0.9411764705882353,0.9411764705882353,51.0,Otterhound
1.0,0.87,0.93048128342246,100.0,Saluki
0.923728813559322,0.8257575757575758,0.872,132.0,Scottish Deerhound
0.9375,1.0,0.967741935483871,60.0,Weimaraner
0.7659574468085106,0.6545454545454545,0.7058823529411765,55.0,Staffordshire Bullterrier
0.6923076923076923,0.84375,0.7605633802816901,64.0,American Staffordshire Terrier
0.9876543209876543,0.975609756097561,0.9815950920245399,82.0,Bedlington Terrier
0.92,0.9583333333333334,0.9387755102040817,72.0,Border Terrier
0.9487179487179487,0.9367088607594937,0.9426751592356688,79.0,Kerry Blue Terrier
0.8933333333333333,0.9710144927536232,0.9305555555555556,69.0,Irish Terrier
0.8472222222222222,0.8472222222222222,0.8472222222222222,72.0,Norfolk Terrier
0.8947368421052632,0.8,0.84472049689441,85.0,Norwich Terrier
0.7402597402597403,0.890625,0.8085106382978723,64.0,Yorkshire Terrier
0.92,0.8070175438596491,0.8598130841121495,57.0,Haired Fox Terrier
0.875,0.865979381443299,0.8704663212435233,97.0,Lakeland Terrier
1.0,0.9607843137254902,0.98,102.0,Sealyham Terrier
0.9238095238095239,0.9509803921568627,0.9371980676328503,102.0,Airedale
0.9387755102040817,0.9484536082474226,0.9435897435897436,97.0,Cairn
0.865979381443299,0.875,0.8704663212435233,96.0,Australian Terrier
0.9176470588235294,0.975,0.9454545454545454,80.0,Dandie Dinmont
0.9753086419753086,0.9634146341463414,0.9693251533742331,82.0,Boston Bull
0.847457627118644,0.9259259259259259,0.8849557522123894,54.0,Miniature Schnauzer
0.75,0.8947368421052632,0.816,57.0,Giant Schnauzer
0.8958333333333334,0.7818181818181819,0.8349514563106796,55.0,Standard Schnauzer
0.96,0.8275862068965517,0.8888888888888888,58.0,Scotch Terrier
0.8952380952380953,0.8867924528301887,0.8909952606635071,106.0,Tibetan Terrier
0.8205128205128205,0.7710843373493976,0.7950310559006211,83.0,Silky Terrier
0.9272727272727272,0.9107142857142857,0.918918918918919,56.0,Coated Wheaten Terrier
0.8292682926829268,0.9855072463768116,0.9006622516556292,69.0,West Highland White Terrier
0.7628865979381443,0.8604651162790697,0.8087431693989071,86.0,Lhasa
0.96,0.9411764705882353,0.9504950495049505,51.0,Coated Retriever
0.8846153846153846,0.92,0.9019607843137255,50.0,Golden Retriever
0.9041095890410958,0.9295774647887324,0.9166666666666666,71.0,Labrador Retriever
0.9130434782608695,0.9402985074626866,0.9264705882352942,67.0,Chesapeake Bay Retriever
0.9811320754716981,1.0,0.9904761904761905,52.0,Haired Pointer
0.9607843137254902,0.9074074074074074,0.9333333333333333,54.0,Vizsla
0.9310344827586207,0.8852459016393442,0.907563025210084,61.0,English Setter
0.9807692307692307,0.9272727272727272,0.9532710280373832,55.0,Irish Setter
1.0,0.9622641509433962,0.9807692307692307,53.0,Gordon Setter
0.9607843137254902,0.9423076923076923,0.9514563106796117,52.0,Brittany Spaniel
0.9230769230769231,0.96,0.9411764705882353,50.0,Clumber
0.9508196721311475,0.9830508474576272,0.9666666666666667,59.0,English Springer
0.9782608695652174,0.9,0.9375,50.0,Welsh Springer Spaniel
0.8709677419354839,0.9152542372881356,0.8925619834710744,59.0,Cocker Spaniel
0.9230769230769231,0.9411764705882353,0.9320388349514563,51.0,Sussex Spaniel
0.9361702127659575,0.88,0.9072164948453608,50.0,Irish Water Spaniel
0.9583333333333334,0.92,0.9387755102040817,50.0,Kuvasz
0.9811320754716981,0.9629629629629629,0.9719626168224299,54.0,Schipperke
0.9090909090909091,1.0,0.9523809523809523,50.0,Groenendael
0.8064516129032258,1.0,0.8928571428571429,50.0,Malinois
0.8727272727272727,0.9230769230769231,0.897196261682243,52.0,Briard
0.6901408450704225,0.9245283018867925,0.7903225806451613,53.0,Kelpie
0.9811320754716981,0.9629629629629629,0.9719626168224299,54.0,Komondor
0.9305555555555556,0.9710144927536232,0.950354609929078,69.0,Old English Sheepdog
0.9193548387096774,1.0,0.957983193277311,57.0,Shetland Sheepdog
0.75,0.7358490566037735,0.7428571428571429,53.0,Collie
0.8048780487804879,0.66,0.7252747252747253,50.0,Border Collie
1.0,0.86,0.9247311827956989,50.0,Bouvier Des Flandres
0.8947368421052632,0.9807692307692307,0.9357798165137615,52.0,Rottweiler
1.0,0.8269230769230769,0.9052631578947369,52.0,German Shepherd
0.94,0.94,0.94,50.0,Doberman
0.9135802469135802,0.8809523809523809,0.896969696969697,84.0,Miniature Pinscher
0.9354838709677419,0.8529411764705882,0.8923076923076924,68.0,Greater Swiss Mountain Dog
0.9661016949152542,0.9661016949152542,0.9661016949152542,118.0,Bernese Mountain Dog
0.6438356164383562,0.9215686274509803,0.7580645161290323,51.0,Appenzeller
0.9310344827586207,0.7941176470588235,0.8571428571428571,102.0,Entlebucher
0.8461538461538461,0.8627450980392157,0.8543689320388349,51.0,Boxer
0.9607843137254902,0.875,0.9158878504672897,56.0,Bull Mastiff
0.9423076923076923,0.9423076923076923,0.9423076923076923,52.0,Tibetan Mastiff
0.90625,0.9830508474576272,0.943089430894309,59.0,French Bulldog
0.8548387096774194,0.9464285714285714,0.8983050847457628,56.0,Great Dane
1.0,0.9714285714285714,0.9855072463768116,70.0,Saint Bernard
0.47058823529411764,0.64,0.5423728813559322,50.0,Eskimo Dog
0.8068181818181818,0.9102564102564102,0.8554216867469879,78.0,Malamute
0.7777777777777778,0.532608695652174,0.632258064516129,92.0,Siberian Husky
1.0,0.98,0.98989898989899,50.0,Affenpinscher
0.9714285714285714,0.9357798165137615,0.9532710280373832,109.0,Basenji
0.9895833333333334,0.95,0.9693877551020408,100.0,Pug
1.0,0.990909090909091,0.9954337899543378,110.0,Leonberg
0.9278350515463918,0.9473684210526315,0.9375,95.0,Newfoundland
0.905982905982906,0.9380530973451328,0.9217391304347826,113.0,Great Pyrenees
0.9435483870967742,0.9915254237288136,0.9669421487603306,118.0,Samoyed
0.9669421487603306,0.9831932773109243,0.975,119.0,Pomeranian
1.0,0.9895833333333334,0.9947643979057592,96.0,Chow
0.9830508474576272,1.0,0.9914529914529915,58.0,Keeshond
0.9622641509433962,0.9622641509433962,0.9622641509433962,53.0,Brabancon Griffon
0.8888888888888888,0.9876543209876543,0.935672514619883,81.0,Pembroke
0.9574468085106383,0.8181818181818182,0.8823529411764706,55.0,Cardigan
0.7307692307692307,0.7450980392156863,0.7378640776699029,51.0,Toy Poodle
0.6956521739130435,0.5818181818181818,0.6336633663366337,55.0,Miniature Poodle
0.7794117647058824,0.8983050847457628,0.8346456692913385,59.0,Standard Poodle
1.0,0.9454545454545454,0.9719626168224299,55.0,Mexican Hairless
0.8245614035087719,0.8392857142857143,0.831858407079646,56.0,Dingo
0.9791666666666666,0.94,0.9591836734693877,50.0,Dhole
1.0,0.9855072463768116,0.9927007299270073,69.0,African Hunting Dog
0.9052447552447552,0.9052447552447552,0.9052447552447552,0.9052447552447552,accuracy
0.9029830533596666,0.901780571493142,0.9001717273708236,8580.0,macro avg
0.9095898135657584,0.9052447552447552,0.9054246504972265,8580.0,weighted avg
